day,d1_daytime_kwh,d2_critical_kwh
1,161.37,130.06
2,158.13,104.63
3,155.35,93.92
4,134.80,92.42
5,103.92,109.74
6,112.64,125.00
7,140.77,124.43
8,157.65,115.15
9,164.27,102.54
10,145.73,99.74
11,134.43,100.20
12,120.29,109.38
13,120.85,116.02
14,146.76,126.16
15,162.35,119.94
16,159.22,107.76
17,153.06,100.84
18,123.40,97.60
19,120.90,110.06
20,120.15,119.69
21,138.89,126.45
22,155.46,122.51
23,171.71,99.38
24,149.92,94.89
25,126.58,94.13
26,113.51,103.47
27,123.65,117.98
28,142.19,132.47
29,162.02,115.02
30,166.96,111.50
